390,0.0004150019,0.0003683495,0.009547289
395,0.001051914,0.0009586496,0.02382484
400,0.002408353,0.002269917,0.05665002
405,0.004833371,0.004700132,0.1224503
410,0.008721273,0.008793667,0.2330076
415,0.01338382,0.0145278,0.3813643
420,0.01844803,0.02166506,0.5436132
425,0.0229319,0.02957127,0.6744815
430,0.02818772,0.03945663,0.8025461
435,0.03410515,0.0518203,0.9035662
440,0.04025595,0.06477837,0.9910145
445,0.04493761,0.07588048,0.9915166
450,0.04986433,0.08705225,0.9553885
455,0.05534138,0.09819288,0.8602408
460,0.06471575,0.1162733,0.7867016
465,0.08069006,0.1445407,0.7382611
470,0.09947639,0.1758936,0.6463534
475,0.118801,0.2053998,0.5164164
480,0.1401458,0.2357545,0.3903373
485,0.1639532,0.2680649,0.290322
490,0.1915579,0.3036267,0.2118654
495,0.2329271,0.357059,0.160524
500,0.2889615,0.4277598,0.12284
505,0.3597162,0.5155847,0.08889554
510,0.4436801,0.6155169,0.0608205
515,0.536488,0.7191508,0.04281244
520,0.6285647,0.8166012,0.02920317
525,0.7047255,0.8855437,0.01939099
530,0.7706373,0.9356857,0.01260114
535,0.8257146,0.9688577,0.0080945
540,0.8810083,0.9952221,0.005088971
545,0.919073,0.9971948,0.003168911
550,0.9401995,0.9771922,0.001958935
555,0.9657395,0.9565771,0.001202763
560,0.9814541,0.9177407,0.000740167
565,0.994489,0.8732126,0.000455985
570,1,0.8135046,0.000281799
575,0.992316,0.7402868,0.000175037
580,0.9694379,0.653281,0.0001094536
585,0.9556085,0.5725982,0.00006899855
590,0.9276625,0.492595,0.00004390257
595,0.885972,0.4112444,0.00002822280
600,0.8339884,0.334426,0.00001834593
605,0.775104,0.2648744,0.00001206675
610,0.7057161,0.2052721,0.000008034895
615,0.6307685,0.1562428,0.000005418387
620,0.55423,0.1166407,NaN
625,0.4799434,0.08558743,NaN
630,0.4007098,0.06211264,NaN
635,0.3278612,0.0444877,NaN
640,0.2657847,0.03142824,NaN
645,0.2132849,0.02180369,NaN
650,0.1651391,0.01544792,NaN
655,0.1247498,0.01071199,NaN
660,0.09300794,0.007302475,NaN
665,0.06850937,0.004971759,NaN
670,0.04986664,0.003436687,NaN
675,0.03582284,0.002376184,NaN
680,0.02537932,0.001637344,NaN
685,0.01772025,0.00112127,NaN
690,0.01216998,0.000761044,NaN
695,0.008471687,0.000525461,NaN
700,0.005897527,0.000365317,NaN
705,0.004091288,0.00025342,NaN
710,0.002804465,0.000174401,NaN
715,0.00192057,0.000120609,NaN
720,0.001326875,0.00008417245,NaN
725,0.000917783,0.00005893455,NaN
730,0.000639367,0.00004160449,NaN
735,0.000446036,0.00002943542,NaN
740,0.0003108708,0.00002088575,NaN
745,0.0002193310,0.00001504562,NaN
750,0.0001545503,0.00001082007,NaN
755,0.0001095065,0.000007822762,NaN
760,0.00007799195,0.000005690886,NaN
765,0.00005562625,0.000004139998,NaN
770,0.00003992916,0.000003026843,NaN
775,0.00002861608,0.000002211007,NaN
780,0.00002073194,0.000001634330,NaN
785,0.00001504319,0.000001210543,NaN
790,0.00001094460,0.0000008991658,NaN
795,0.000007977555,0.0000006695915,NaN
800,0.000005850594,0.0000005031874,NaN
805,0.000004311021,0.0000003800495,NaN
810,0.000003170079,0.0000002863255,NaN
815,0.000002344661,0.0000002168801,NaN
820,0.000001746666,0.0000001651581,NaN
825,0.000001302417,0.0000001255076,NaN
830,0.0000009743162,0.00000009534106,NaN
